nivel,nch,n_replicas,n_sin_pedidos,pet_media,pet_desvio,pet_ic_inf,pet_ic_sup,pec_media,pec_desvio,pec_ic_inf,pec_ic_sup,pa_media,pa_desvio,pa_ic_inf,pa_ic_sup,pto_media,pto_desvio,pto_ic_inf,pto_ic_sup,ptc_media,ptc_desvio,ptc_ic_inf,ptc_ic_sup,ptv_media,ptv_desvio,ptv_ic_inf,ptv_ic_sup,rec_media,rec_desvio,rec_ic_inf,rec_ic_sup,recp_media,recp_desvio,recp_ic_inf,recp_ic_sup,rpc_media,rpc_desvio,rpc_ic_inf,rpc_ic_sup,cumple,en_el_limite
bajo,3,30,0,7.403102929738008,0.2405312886384109,7.313287070478092,7.492918788997924,2.408852250541913,0.17819645675231072,2.342312600042051,2.475391901041775,39.70116453935666,2.385498285575218,38.81040484029695,40.591924238416375,12.175896502931966,2.3545268568037554,11.296701725439684,13.055091280424248,27.81880357411584,0.7900139852530754,27.52380750389762,28.113799644334062,60.00529992295219,1.8979457291427673,59.296595340456456,60.714004505447924,2245.5849342323613,76.26683443838381,2217.1064302219547,2274.063438242768,1487.6367946094601,135.19727885296732,1437.153301012766,1538.1202882061543,748.5283114107872,25.422278146127926,739.0354767406517,758.0211460809227,0,0
bajo,4,30,0,7.963681457441841,0.354297844253557,7.831384468157397,8.095978446726285,2.965909138767421,0.3030874411434549,2.8527344282701455,3.0790838492646966,20.310812699242284,2.4602625696763805,19.39213555768887,21.229489840795697,12.763886911654048,2.7478925728261863,11.737806961808745,13.78996686149935,27.597747487050526,0.9566421537232047,27.240531436168794,27.954963537932258,59.63836560129542,2.052179058076665,58.87206934728314,60.4046618553077,2966.916811723013,108.7461036448585,2926.3103492734904,3007.5232741725354,766.3049171188089,118.98435994911856,721.8754269355734,810.7344073020445,741.7292029307532,27.18652591121462,731.5775873183726,751.8808185431338,0,0
bajo,5,30,0,7.443559008897945,0.4520880362989519,7.274746561788998,7.612371456006892,2.447240083434913,0.4187305181501852,2.290883538309735,2.603596628560091,7.512947417146913,1.6995787256792672,6.878314291074763,8.147580543219062,18.83737955482892,3.1889429638527256,17.64660868235475,20.028150427303093,25.638445710224524,1.0470168729432425,25.24748318457824,26.029408235870807,55.52417473494655,2.304607930842966,54.6636199907484,56.384729479144696,3448.8006074602226,129.69985120573705,3400.3698870833878,3497.2313278370575,284.42112138159877,69.47681105644722,258.47805377073837,310.36418899245916,689.7601214920444,25.939970241147403,680.0739774166775,699.4462655674113,0,0
bajo,6,30,0,6.108008222140026,0.22880593829198004,6.022570680655106,6.193445763624947,1.1080634483820488,0.2136633379028195,1.0282802468089165,1.1878466499551812,2.9252462634887437,1.0752484483148474,2.5237418943483547,3.3267506326291327,29.00457149380678,3.0590360431702477,27.862308662722793,30.146834324890765,22.46871335360806,0.9836516893936,22.101411776356017,22.836014930860102,48.52671515258516,2.1930853872562235,47.70780361054917,49.34562669462115,3625.4647246591717,147.72919708032205,3570.3017358910324,3680.627713427311,107.75700418264965,42.23619710464167,91.98574899045175,123.52825937484755,604.2441207765283,24.621532846720335,595.0502893151719,613.4379522378848,1,0
bajo,7,30,0,5.558016292644558,0.1679670404451661,5.495296368969237,5.620736216319878,0.5607048579832644,0.15191826761617713,0.5039776445697245,0.6174320713968043,0.604728088356395,0.5346880803595246,0.40507227789874034,0.8043838988140497,37.59816613306345,2.754692292091592,36.569547126316216,38.626785139810686,19.71673904422739,0.8715302121841745,19.391304314627728,20.04217377382705,42.685094822709154,1.9879007636926758,41.9428004782802,43.42738916713811,3709.7396186241003,152.1258727252029,3652.9348841888277,3766.544353059373,23.482110217721303,21.542642859542987,15.437955171979887,31.52626526346272,529.9628026605856,21.732267532171832,521.8478405984038,538.0777647227674,1,0
bajo,8,30,0,5.238670234927661,0.15033294302937145,5.182534991443588,5.294805478411734,0.24163042833803086,0.12113401388029671,0.1963982441849872,0.28686261249107453,0.06528482484712005,0.15765897742925938,0.006413995160027802,0.12415565453421229,45.107402593520206,2.5543831610795755,44.15358024554154,46.06122494149887,17.347942826656226,0.7953239611152982,17.050963978865013,17.64492167444744,37.54465457982358,1.8488328695466483,36.85428904049477,38.23502011915239,3730.6881101608956,159.24967201248324,3671.2233053547197,3790.1529149670714,2.5336186809251204,6.360354473254178,0.15862328865517705,4.908614073195064,466.33601377011195,19.906209001560402,458.90291316933997,473.7691143708839,1,0
bajo,9,30,0,5.0890136194248194,0.11003291264368319,5.0479266545983,5.1301005842513385,0.09228743174749754,0.0678898064142557,0.06693696140909504,0.11763790208590004,0.0089126559714795,0.048816627228624426,-0.009315772211521425,0.027141084154480424,51.176586958019946,2.286116529949305,50.32293701639274,52.03023689964715,15.428418257483145,0.7136698620614447,15.161929551370095,15.694906963596194,33.3949947844969,1.6517199301442471,32.77823242637538,34.01175714261842,3732.997770069888,161.67111127242495,3672.628784984263,3793.3667551555127,0.22395877193358565,1.2266727133917972,-0.23408834704062148,0.6820058909077928,414.7775300077653,17.963456808047205,408.0698649982514,421.4851950172792,1,0
bajo,10,30,0,5.0313007685375455,0.08909430871819667,4.99803240691195,5.064569130163141,0.03428581118138087,0.035849412426951714,0.020899420581985004,0.04767220178077673,0.0,0.0,0.0,0.0,56.05475083088825,2.049207697230047,55.28956410125062,56.81993756052589,13.88745536973053,0.6384407264650254,13.64905768451219,14.12585305494887,30.057793799381212,1.4822710733473359,29.5043046842543,30.611282914508124,3733.221728841822,161.3334226700796,3672.978838752626,3793.464618931018,0.0,0.0,0.0,0.0,373.3221728841821,16.13334226700796,367.2978838752625,379.3464618931017,1,0
bajo,11,30,0,5.008644826785344,0.08262638678903445,4.97779162690017,5.039498026670517,0.011629869429178897,0.020522773677778376,0.0039665397945988475,0.019293199063758946,0.0,0.0,0.0,0.0,60.049773482625675,1.8629160883909652,59.35414918295509,60.74539778229626,12.624959427027752,0.5804006604227496,12.408234258647443,12.841684595408061,27.32526709034656,1.3475191575884857,26.822095167503914,27.828439013189207,3733.221728841822,161.3334226700796,3672.978838752626,3793.464618931018,0.0,0.0,0.0,0.0,339.3837935310747,14.66667478818905,333.90716715932956,344.8604199028198,1,0
bajo,12,30,0,5.000707967246891,0.07920714545586524,4.971131533058579,5.030284401435202,0.0036930098907252767,0.009396716472155541,0.00018421829464647333,0.00720180148680408,0.0,0.0,0.0,0.0,63.378959025740215,1.707673081025056,62.74130341770885,64.01661463377158,11.57287947477544,0.5320339387208544,11.37421473709349,11.77154421245739,25.04816149948435,1.235225894456114,24.586920570211927,25.509402428756776,3733.221728841822,161.3334226700796,3672.978838752626,3793.464618931018,0.0,0.0,0.0,0.0,311.1018107368185,13.444451889173306,306.08156989605214,316.12205157758484,1,0
bajo,13,30,0,4.998139320586882,0.07842589711118401,4.968854609324806,5.027424031848957,0.00112436323071585,0.0034500979592702137,-0.00016392451969224537,0.0024126509811239457,0.0,0.0,0.0,0.0,66.19596217760635,1.5763136132538922,65.60735700096201,66.78456735425068,10.682657976715792,0.4911082511269421,10.499275141932454,10.86604081149913,23.12137984567786,1.14020851795949,22.69561898788793,23.547140703467793,3733.221728841822,161.3334226700796,3672.978838752626,3793.464618931018,0.0,0.0,0.0,0.0,287.17090221860167,12.410263282313819,282.536833750202,291.80497068700134,1,0
bajo,14,30,0,4.997063935874203,0.07795990415806724,4.967953229240507,5.026174642507899,4.897851803765333e-05,0.000268266391623964,-5.11937988806866e-05,0.00014915083495599325,0.0,0.0,0.0,0.0,68.61053630777731,1.4637197837357538,68.06397435803613,69.15709825751848,9.919610978378948,0.4560290903321609,9.749326917508705,10.08989503924919,21.46985271384373,1.0587650523909553,21.074503345895934,21.865202081791523,3733.221728841822,161.3334226700796,3672.978838752626,3793.464618931018,0.0,0.0,0.0,0.0,266.658694917273,11.523815905005687,262.3556313394733,270.96175849507273,1,0
bajo,15,30,0,4.997014957356165,0.07803176827151821,4.967877416221494,5.026152498490836,0.0,0.0,0.0,0.0,0.0,0.0,0.0,0.0,70.70316722059218,1.3661384648200534,70.19304273416708,71.21329170701728,9.258303579820351,0.4256271509766834,9.099371789674791,9.417235369965912,20.038529199587472,0.9881807155648908,19.66953645616953,20.407521943005413,3733.221728841822,161.3334226700796,3672.978838752626,3793.464618931018,0.0,0.0,0.0,0.0,248.88144858945472,10.755561511338644,244.86525591684165,252.8976412620678,1,0
base,3,30,0,8.088221750405417,0.21919717865099642,8.006372178737074,8.17007132207376,3.1023313762704796,0.18630887139259805,3.032762500360008,3.171900252180951,54.993354892445005,1.7412404814879994,54.34316501108576,55.64354477380425,6.027495193031244,1.25206579422063,5.559966141844357,6.495024244218132,29.64283314841758,0.6976571078598783,29.382323702989794,29.903342593845366,64.32967165855118,1.2920128467514749,63.847226132803875,64.81211718429849,2393.736660583699,63.809419944881625,2369.9098315933056,2417.5634895740927,2941.1429187817207,188.0177642192438,2870.9359318027177,3011.3499057607237,797.9122201945663,21.269806648293905,789.9699438644351,805.8544965246975,0,0
base,4,30,0,9.486895901787157,0.33349370163921965,9.362367307024899,9.611424496549416,4.491963768823563,0.31247049984159253,4.375285366626842,4.608642171020285,38.75628077547333,2.2785634718611045,37.90545119208755,39.60711035885911,4.188991185743119,1.2426225157241175,3.724988312697945,4.652994058788293,30.27293160070575,0.6949960079428591,30.013415826317505,30.532447375093994,65.53807721355112,1.1884250438935082,65.09431200908426,65.98184241801798,3261.5399873989577,72.18782543251842,3234.5846103832328,3288.4953644146826,2073.339591966462,191.39172776515062,2001.8727462942193,2144.806437638705,815.3849968497394,18.046956358129613,808.6461525958082,822.1238411036707,0,0
base,5,30,0,9.753878267546098,0.4460123167981334,9.587334531383977,9.920422003708218,4.754677432099935,0.4179921136383685,4.59859661175088,4.910758252448991,24.159149028217307,2.53776738622007,23.211531112538168,25.106766943896446,5.250166400805216,1.4594801422908807,4.705187559197216,5.7951452424132155,30.007337062129743,0.48467950400766896,29.826354760972407,30.18831936328708,64.74249653706505,1.3271818859442905,64.24691867625927,65.23807439787083,4031.01167261056,75.55955997864623,4002.797269223792,4059.226075997328,1303.8679067548603,180.91831929840936,1236.311896076873,1371.4239174328477,806.2023345221118,15.111911995729267,800.5594538447581,811.8452151994654,0,0
base,6,30,0,7.850434569964745,0.31185065987720934,7.733987619814532,7.966881520114957,2.8625066985319796,0.2831579117814464,2.7567737966011787,2.9682396004627805,14.312928053732499,2.00284172859064,13.565054661321552,15.060801446143445,10.584263745035694,2.2147634696328233,9.757257474007135,11.411270016064252,28.241571026339553,0.6799943454490402,27.987656964788073,28.495485087891034,61.17416522862474,1.8446598333744648,60.485357926611535,61.86297253063794,4559.940065201014,101.47346111603046,4522.049252102203,4597.830878299824,774.9395141644051,131.9817110704285,725.6567333108726,824.2222950179375,759.9900108668356,16.912243519338414,753.6748753503673,766.305146383304,0,0
base,7,30,0,7.242951912516071,0.32601717619414555,7.121215098236631,7.364688726795512,2.253841937484766,0.31247508520859113,2.1371618230838676,2.370522051885664,5.620181581477846,1.4534952229337894,5.077437545485786,6.162925617469906,15.545916066590774,2.6692226258338936,14.549211957730828,16.54262017545072,26.68077070121897,0.8137726014928982,26.37690301789592,26.984638384542023,57.77331323219024,2.0703577318801725,57.000228949821604,58.546397514558876,5030.968910915544,139.380852040951,4978.9232454168805,5083.014576414208,303.91066844987466,82.75114042208702,273.0108847925361,334.8104521072132,718.7098444165064,19.911550291564424,711.2747493452687,726.1449394877441,0,0
base,8,30,0,6.384402706297703,0.24213508664026911,6.293987979021772,6.474817433573634,1.3929616669892588,0.24088884195454582,1.3030122951268792,1.4829110388516384,1.592477399899955,0.8951517293360903,1.258222250836233,1.926732548963677,22.850034286777234,2.7244419043122896,21.832710960466102,23.867357613088366,24.370830734572596,0.8289333427932467,24.061301937410192,24.680359531735,52.779134978650134,2.0403848052604285,52.01724277101791,53.541027186282356,5248.767073443468,160.65728111652703,5188.776658759685,5308.75748812725,86.11250592195192,50.45279860580702,67.27312130592307,104.95189053798077,656.0958841804335,20.08216013956588,648.5970823449607,663.5946860159063,1,0
base,9,30,0,5.636486606975345,0.16240442371728997,5.575843798522646,5.697129415428044,0.6471766942076063,0.15093290805987924,0.5908174200993013,0.7035359683159113,0.5264579311939872,0.5695807266087162,0.3137729924991549,0.7391428698888195,30.655731762218558,2.5666453658995683,29.69733063170992,31.614132892727195,21.902765879327475,0.791017726872511,21.607395005828838,22.198136752826112,47.44150235845398,1.902167613336964,46.73122129849145,48.151783418416514,5305.267007737059,171.26845906254033,5241.314314090004,5369.219701384115,29.612571628360133,32.01668093783553,17.657346487546263,41.567796769174,589.4741119707845,19.029828784726707,582.3682571211116,596.5799668204575,1,0
base,10,30,0,5.305628143421421,0.16025447449991753,5.245788139200207,5.365468147642635,0.31599186056575596,0.1379835991815468,0.26446793785939643,0.3675157832721155,0.06834760767682403,0.16570706294933668,0.00647157346738092,0.13022364188626714,37.279325485213995,2.424788191216179,36.3738946942753,38.18475627615269,19.81190515597462,0.7502755531090253,19.531747660184134,20.092062651765108,42.90876935881137,1.7842130277372679,42.242533264970525,43.57500545265221,5331.177788651594,181.13184225042065,5263.5420471929865,5398.813530110201,3.701790713825099,9.055273740645426,0.3204959290436209,7.083085498606577,533.1177788651595,18.113184225042076,526.3542047192988,539.8813530110202,1,0
base,11,30,0,5.134052695977119,0.12044732096481953,5.089076927172783,5.179028464781455,0.1441263414947561,0.08939970575292326,0.11074394274224611,0.17750874024726607,0.011361173045955653,0.043244462804068295,-0.004786574745890846,0.027508920837802153,42.93699110336916,2.2288570580049956,42.10472219995349,43.769260006784826,18.028821569782693,0.6940597216392372,17.76965541044598,18.287987729119404,39.03418732684812,1.6354999328029152,38.42348161527205,39.644893038424186,5334.128410803157,183.5343574251628,5265.5955554346465,5402.661266171667,0.7511685622614976,2.926798822353221,-0.3417160790615754,1.8440532035845707,484.9207646184688,16.68494158410572,478.6905050395133,491.1510241974243,1,0
base,12,30,0,5.052360147263967,0.0937258882852366,5.017362325405156,5.087357969122779,0.06257188436806486,0.05491842592300533,0.042065007107319544,0.08307876162881019,0.0,0.0,0.0,0.0,47.68180575432287,2.0489935281450173,46.916698996735896,48.44691251190985,16.529971063609217,0.6396597044848996,16.291118204517684,16.76882392270075,35.78822318206792,1.5014743646405035,35.22756344012618,36.34888292400965,5334.879579365419,184.27816793007494,5266.068980589789,5403.690178141049,0.0,0.0,0.0,0.0,444.5732982804515,15.356513994172909,438.8390817158157,450.3075148450873,1,0
base,13,30,0,5.015497862861025,0.07858983121970671,4.986151937596803,5.044843788125247,0.02570959996512262,0.028843962879736028,0.014939087217406347,0.036480112712838894,0.0,0.0,0.0,0.0,51.70330613373641,1.8938118026694952,50.9961451847547,52.41046708271812,15.259508652785495,0.5916225456432843,15.038593163597843,15.480424141973147,33.03718521347809,1.3873914819971103,32.51912472001445,33.555245706941726,5334.879579365419,184.27816793007494,5266.068980589789,5403.690178141049,0.0,0.0,0.0,0.0,410.3753522588784,14.175243686928845,405.0822292761377,415.66847524161915,1,0
base,14,30,0,4.9989117078281184,0.07189979841196296,4.972063881869421,5.0257595337868155,0.00912344493221589,0.013578976405622369,0.004052971811463049,0.01419391805296873,0.0,0.0,0.0,0.0,55.15185604522966,1.7602008041177546,54.49458626304555,55.809125827413766,14.169790958155483,0.5495995052649013,13.964567130130353,14.375014786180612,30.67835299661486,1.2897030536119025,30.196769961800513,31.159936031429204,5334.879579365419,184.27816793007494,5266.068980589789,5403.690178141049,0.0,0.0,0.0,0.0,381.06282709753,13.162726280719628,376.14778432784215,385.9778698672178,1,0
base,15,30,0,4.992552499184284,0.06998609689822495,4.96641926111474,5.018685737253828,0.00276423628838135,0.005727610971206933,0.0006255112027696596,0.0049029613739930405,0.0,0.0,0.0,0.0,58.14103745027066,1.6438375368512066,57.5272184261771,58.75485647436422,13.225138227611783,0.5129595382472409,13.033595988121663,13.416680467101903,28.633824322117565,1.204630506303888,28.184007898537676,29.083640745697455,5334.879579365419,184.27816793007494,5266.068980589789,5403.690178141049,0.0,0.0,0.0,0.0,355.65863862436123,12.28521119533834,351.0712653726526,360.2460118760699,1,0
alto,3,30,0,8.497522375936567,0.21870380424335287,8.415857033299757,8.579187718573378,3.502598731069817,0.15755597247644185,3.4437663640642233,3.5614310980754107,64.54418398196384,1.3901797033537204,64.02508234953501,65.06328561439267,3.5464297116147816,0.6933905430028504,3.287513427687486,3.805345995542077,30.519156172084198,0.6642688060551606,30.271114123446225,30.76719822072217,65.934414116301,0.7964136647168838,65.6370283664977,66.2317998661043,2468.1149751792814,54.9244955278393,2447.6058314908432,2488.6241188677195,4493.748187814645,244.12444929374556,4402.590620315668,4584.905755313621,822.7049917264271,18.308165175946424,815.8686104969478,829.5413729559065,0,0
alto,4,30,0,10.397808785791858,0.31873222018708613,10.278792218791466,10.51682535279225,5.397857261967803,0.26182708968958235,5.3000894199082,5.495625104027407,51.898601774372416,1.8189214011480677,51.21940536090309,52.57779818784174,1.7712752935304512,0.621057980058145,1.5393684324941501,2.003182154566752,31.043179915016474,0.6043179081207384,30.817523899571373,31.268835930461574,67.18554479145308,0.7636401544064632,66.9003968715228,67.47069271138336,3338.669382042883,71.04328150021672,3312.141384755269,3365.1973793304974,3623.1937809510428,242.39595744900038,3532.681642914231,3713.7059189878546,834.6673455107208,17.76082037505419,828.0353461888172,841.2993448326243,0,0
alto,5,30,0,11.27245651705996,0.3733736364701704,11.133036509898309,11.41187652422161,6.27103313075157,0.3326352029817363,6.146825104656413,6.395241156846726,39.79216252892592,2.419954071456904,38.888536827971166,40.69578822988068,1.635640938140214,0.6790975540079368,1.382061744016235,1.8892201322641928,31.091243803601866,0.41025921715735275,30.938050494253737,31.244437112949996,67.2731152582579,0.6651788928741962,67.02473337761671,67.5214971388991,4181.395206860984,71.04419403325915,4154.866868827932,4207.923544894036,2780.4679561329403,253.98099861386072,2685.6298926305744,2875.3060196353063,836.279041372197,14.20883880665183,830.9733737655865,841.5847089788074,0,0
alto,6,30,0,9.341325387696665,0.34786066152589235,9.211432081946164,9.471218693447167,4.35417087484069,0.3122721243538824,4.237566547268462,4.470775202412919,28.998632954240787,2.322772132846147,28.131295585545335,29.86597032293624,3.5975024706665666,1.2228310888002556,3.140889837889962,4.054115103443171,30.502673820886404,0.49723924948757725,30.31700163369075,30.688346008082057,65.899823708447,0.9756910624192997,65.53549467815961,66.2641527387344,4931.017875875226,90.01862028145852,4897.404370639632,4964.63138111082,2030.8452871186994,219.8579841898684,1948.7489666069373,2112.9416076304615,821.8363126458711,15.003103380243092,816.2340617732722,827.43856351847,0,0
alto,7,30,0,9.40296697349447,0.44202093692438016,9.23791364307134,9.5680203039176,4.402394896102749,0.4063190332726634,4.250672875597117,4.55411691660838,18.203761502010956,2.192136064193396,17.385204443032393,19.02231856098952,4.6264139386009315,1.530524426585818,4.054906725255615,5.1979211519462485,30.196026561404498,0.6224118683812647,29.96361415015986,30.428438972649136,65.17755949999456,1.1234694437048631,64.75804911525495,65.59706988473417,5682.40091909301,113.3107265062368,5640.089998455062,5724.711839730958,1279.4622439009156,188.97157989984552,1208.8990962934397,1350.0253915083915,811.7715598704297,16.18724664374811,805.7271426364372,817.8159771044221,0,0
alto,8,30,0,8.814103585285043,0.5017583899474892,8.626743923308787,9.001463247261299,3.8176550367753017,0.46975585338641,3.642245318342778,3.9930647552078256,9.206983252323527,1.8911222666629541,8.500826592591691,9.913139912055362,7.361994665652856,2.194176760628204,6.542675598102275,8.181313733203435,29.31603147747551,0.7779415798967733,29.025543317502763,29.606519637448255,63.32197385687165,1.5611862099950606,62.739017345437375,63.904930368305926,6314.336930362577,160.96488583716123,6254.231654188414,6374.44220653674,647.5262326313481,151.536714924962,590.9414933342044,704.1109719284917,789.2921162953221,20.120610729645147,781.7789567735517,796.8052758170925,0,0
alto,9,30,0,7.230884007544798,0.35277107406088726,7.099157123619717,7.362610891469879,2.234269208198749,0.32926742089188216,2.111318732603208,2.3572196837942903,4.294889353475824,1.3154866708869009,3.803678557743172,4.786100149208476,13.064321473869759,2.7027212810220314,12.05510876158942,14.073534186150098,27.507668726966806,0.8837538482467936,27.177669616647865,27.837667837285746,59.428009799163455,1.9104489664065223,58.71463643114409,60.141383167182816,6660.995554971359,199.06228006842042,6586.664477996751,6735.326631945966,300.8676080225652,100.02052957178599,263.5193284786653,338.21588756646514,740.1106172190399,22.118031118713382,731.8516086663058,748.369625771774,1,0
alto,10,30,0,6.395919637257758,0.2995883930042526,6.284051492808472,6.5077877817070435,1.4009523880595638,0.28235690180025913,1.295518588171343,1.5063861879477847,1.2735059325789027,0.8359176577210151,0.9613691493614186,1.5856427157963866,19.17115310283282,2.8398917278091322,18.110720103940327,20.231586101725316,25.555045418375002,0.9107024256446764,25.21498354387879,25.895107292871213,55.27380147879218,2.0058846695113837,54.52479183356763,56.02281112401673,6872.592867116412,224.89091141547487,6788.617220692751,6956.568513540073,89.27029587751377,62.71196902743483,65.85326179448572,112.68732996054183,687.2592867116413,22.489091141547483,678.8617220692752,695.6568513540074,1,0
alto,11,30,0,5.679143182031411,0.19076003568125183,5.607912214059837,5.750374150002985,0.6847984584018135,0.17544066627467497,0.61928783697792,0.750309079825707,0.5024007201336784,0.49875494565051637,0.31616256268932297,0.6886388775780339,25.896443308463105,2.7201130808675447,24.88073639139118,26.91215022553503,23.4245450556585,0.8752657829766738,23.097715441000624,23.751374670316373,50.67901163587841,1.91993743323625,49.9620952161164,51.39592805564042,6926.636440872621,237.8853695697588,6837.808584030305,7015.464297714938,35.226722121303325,36.22905278815307,21.698571481273813,48.754872761332834,629.694221897511,21.625942688159892,621.6189621845732,637.7694816104489,1,0
alto,12,30,0,5.333120989975622,0.14451243643677317,5.2791591593722655,5.387082820578978,0.33888062393019075,0.12449850777837565,0.2923921171085192,0.3853691307518623,0.1098585554236049,0.20029032297830235,0.03506891969024491,0.1846481911569649,31.802244585742965,2.55485942123801,30.848244399298444,32.756244772187486,21.56382537343994,0.8269523932186138,21.255036275005313,21.872614471874567,46.63393004081713,1.7953668455519378,45.963529042956004,47.30433103867825,6954.093055852224,242.26903476370683,6863.628311524994,7044.557800179454,7.770107141700496,14.28751450349282,2.435061547075918,13.105152736325074,579.5077546543521,20.189086230308906,571.9690259604163,587.0464833482879,1,0
alto,13,30,0,5.158938010535636,0.11432684516876797,5.116247664953425,5.201628356117848,0.16471382582277813,0.09209989047762653,0.13032316152368348,0.19910449012187278,0.017683523116504354,0.05824239724006361,-0.004064545432438428,0.03943159166544714,36.9739084042852,2.3846642238118863,36.08346014900635,37.864356659564045,19.927483832572044,0.7732152837346058,19.638760500590386,20.2162071645537,43.09860776314277,1.6739811958000175,42.473532911813386,43.72368261447216,6960.765599366639,245.24155573910528,6869.1908974655535,7052.340301267725,1.0975636272837908,3.729406773040455,-0.29501974823673804,2.4901470028043198,535.4435076435878,18.864735056854254,528.3992998050428,542.4877154821329,1,0
alto,14,30,0,5.071951434777419,0.08573792472693958,5.0399363675314754,5.103966502023362,0.07774487203938715,0.056447034633225215,0.05666720290554385,0.09882254117323046,0.004553734061930784,0.024941828665991164,-0.004759697823919412,0.01386716594778098,41.45911056704567,2.2276006568195603,40.62731081154287,42.29091032254847,18.509021822795248,0.7215840929696392,18.239577894293358,18.778465751297137,40.031867610159104,1.5642538288432302,39.44776563102169,40.61596958929652,6961.6312820645535,245.7423620511296,6869.8695760132305,7053.3929881158765,0.2318809293694543,1.270064156709123,-0.24236882082223357,0.7061306795611422,497.25937729032546,17.55302586079497,490.70496971523096,503.81378486541996,1,0
alto,15,30,0,5.030294677017029,0.07088725721919913,5.00382494015343,5.056764413880628,0.03610763667170967,0.03420398785162629,0.023335657706312914,0.04887961563710643,0.0,0.0,0.0,0.0,45.35728240872471,2.0800232260581337,44.58058897151522,46.133975845934195,17.27629405429864,0.6737709604829999,17.024703842884886,17.52788426571239,37.36642353697666,1.460508730454623,36.821060614236124,37.9117864597172,6961.863162993923,245.63077284611745,6870.143125036548,7053.583200951298,0.0,0.0,0.0,0.0,464.1242108662617,16.375384856407827,458.0095416691034,470.23888006342,1,0
